Character,Date,Search
chewbacca,11/4/2015,381
chewbacca,11/5/2015,361
chewbacca,11/6/2015,364
chewbacca,11/7/2015,262
chewbacca,11/8/2015,283
chewbacca,11/9/2015,386
chewbacca,11/10/2015,374
chewbacca,11/11/2015,289
chewbacca,11/12/2015,426
chewbacca,11/13/2015,466
chewbacca,11/14/2015,274
chewbacca,11/15/2015,280
chewbacca,11/16/2015,401
chewbacca,11/17/2015,389
chewbacca,11/18/2015,411
chewbacca,11/19/2015,408
chewbacca,11/20/2015,483
chewbacca,11/21/2015,385
chewbacca,11/22/2015,284
chewbacca,11/23/2015,405
chewbacca,11/24/2015,678
chewbacca,11/25/2015,451
chewbacca,11/26/2015,303
chewbacca,11/27/2015,405
chewbacca,11/28/2015,335
chewbacca,11/29/2015,348
chewbacca,11/30/2015,555
chewbacca,12/1/2015,597
chewbacca,12/2/2015,563
chewbacca,12/3/2015,518
chewbacca,12/4/2015,564
chewbacca,12/5/2015,378
chewbacca,12/6/2015,459
chewbacca,12/7/2015,590
chewbacca,12/8/2015,688
chewbacca,12/9/2015,641
chewbacca,12/10/2015,584
chewbacca,12/11/2015,634
chewbacca,12/12/2015,528
chewbacca,12/13/2015,565
chewbacca,12/14/2015,820
chewbacca,12/15/2015,1161
chewbacca,12/16/2015,1235
darth vader,11/4/2015,818
darth vader,11/5/2015,1081
darth vader,11/6/2015,950
darth vader,11/7/2015,878
darth vader,11/8/2015,725
darth vader,11/9/2015,1300
darth vader,11/10/2015,876
darth vader,11/11/2015,830
darth vader,11/12/2015,1514
darth vader,11/13/2015,1481
darth vader,11/14/2015,681
darth vader,11/15/2015,672
darth vader,11/16/2015,909
darth vader,11/17/2015,956
darth vader,11/18/2015,913
darth vader,11/19/2015,969
darth vader,11/20/2015,832
darth vader,11/21/2015,778
darth vader,11/22/2015,735
darth vader,11/23/2015,897
darth vader,11/24/2015,964
darth vader,11/25/2015,938
darth vader,11/26/2015,737
darth vader,11/27/2015,894
darth vader,11/28/2015,852
darth vader,11/29/2015,827
darth vader,11/30/2015,1011
darth vader,12/1/2015,1122
darth vader,12/2/2015,1203
darth vader,12/3/2015,1081
darth vader,12/4/2015,1242
darth vader,12/5/2015,1030
darth vader,12/6/2015,977
darth vader,12/7/2015,1318
darth vader,12/8/2015,2106
darth vader,12/9/2015,1152
darth vader,12/10/2015,1341
darth vader,12/11/2015,1311
darth vader,12/12/2015,1018
darth vader,12/13/2015,1283
darth vader,12/14/2015,2097
darth vader,12/15/2015,2690
darth vader,12/16/2015,2222
yoda,11/4/2015,498
yoda,11/5/2015,522
yoda,11/6/2015,478
yoda,11/7/2015,372
yoda,11/8/2015,352
yoda,11/9/2015,564
yoda,11/10/2015,571
yoda,11/11/2015,476
yoda,11/12/2015,732
yoda,11/13/2015,731
yoda,11/14/2015,393
yoda,11/15/2015,381
yoda,11/16/2015,534
yoda,11/17/2015,523
yoda,11/18/2015,501
yoda,11/19/2015,546
yoda,11/20/2015,457
yoda,11/21/2015,379
yoda,11/22/2015,373
yoda,11/23/2015,466
yoda,11/24/2015,493
yoda,11/25/2015,548
yoda,11/26/2015,399
yoda,11/27/2015,419
yoda,11/28/2015,497
yoda,11/29/2015,476
yoda,11/30/2015,585
yoda,12/1/2015,640
yoda,12/2/2015,656
yoda,12/3/2015,580
yoda,12/4/2015,651
yoda,12/5/2015,473
yoda,12/6/2015,505
yoda,12/7/2015,742
yoda,12/8/2015,894
yoda,12/9/2015,811
yoda,12/10/2015,743
yoda,12/11/2015,649
yoda,12/12/2015,725
yoda,12/13/2015,733
yoda,12/14/2015,1122
yoda,12/15/2015,1587
yoda,12/16/2015,1397
